{
  "easy": {
    "bias": -2.0750702298483255,
    "length": -0.3293598594186857,
    "score": -0.012102415802599705,
    "freq": 0.5116941207125902
  },
  "medium": {
    "bias": -2.1750065289193943,
    "length": 0.2468923003824745,
    "score": -0.011268837589722728,
    "freq": 0.25661513960809235
  },
  "hard": {
    "bias": -1.8526730882366784,
    "length": 0.5784184243819308,
    "score": 0.13802594237041638,
    "freq": -0.14423091589080717
  }
}